<?xml version="1.0" encoding="UTF-8"?>
<TimeSeries xmlns="http://www.wldelft.nl/fews/PI" xmlns:xsi="http://www.w3.org/2001/XMLSchema-instance" xsi:schemaLocation="http://www.wldelft.nl/fews/PI http://fews.wldelft.nl/schemas/version1.0/pi-schemas/pi_timeseries.xsd" version="1.2">
    <timeZone>-3.0</timeZone>
    <series>
        <header>
            <type>instantaneous</type>
            <locationId>ANM001</locationId>
            <parameterId>ET-CANOPY</parameterId>
            <timeStep unit="second" multiplier="3600"/>
            <startDate date="2025-02-08" time="08:00:00"/>
            <endDate date="2025-02-13" time="07:00:00"/>
            <missVal>NaN</missVal>
            <units>MM</units>
        </header>
        <event date="2025-02-13" time="00:00:00" value="0.25" flag="0"/>
        <event date="2025-02-13" time="01:00:00" value="0.101090744" flag="0"/>
        <event date="2025-02-13" time="02:00:00" value="0.017298417" flag="0"/>
        <event date="2025-02-13" time="03:00:00" value="0.017250367" flag="0"/>
        <event date="2025-02-13" time="04:00:00" value="0.017202448" flag="0"/>
        <event date="2025-02-13" time="05:00:00" value="0.017154664" flag="0"/>
        <event date="2025-02-13" time="06:00:00" value="0.017107012" flag="0"/>
        <event date="2025-02-13" time="07:00:00" value="0.017059492" flag="0"/>
    </series>
    <series>
        <header>
            <type>instantaneous</type>
            <locationId>ANM001</locationId>
            <parameterId>FLOW</parameterId>
            <timeStep unit="second" multiplier="3600"/>
            <startDate date="2025-02-08" time="07:00:00"/>
            <endDate date="2025-02-13" time="07:00:00"/>
            <missVal>NaN</missVal>
            <units>M3/S</units>
        </header>
        <event date="2025-02-13" time="00:00:00" value="10.566107" flag="0"/>
        <event date="2025-02-13" time="01:00:00" value="10.556468" flag="0"/>
        <event date="2025-02-13" time="02:00:00" value="10.546968" flag="0"/>
        <event date="2025-02-13" time="03:00:00" value="10.537604" flag="0"/>
        <event date="2025-02-13" time="04:00:00" value="10.528374" flag="0"/>
        <event date="2025-02-13" time="05:00:00" value="10.519275" flag="0"/>
        <event date="2025-02-13" time="06:00:00" value="10.5103035" flag="0"/>
        <event date="2025-02-13" time="07:00:00" value="10.501458" flag="0"/>
    </series>
</TimeSeries>